InstallFlag;KickstartVersion;PackageName;SearchforUpdatedPackage;UpdatePackageSearchTerm;UpdatePackageSearchExclusionTerm;UpdatePackageSearchMinimumDate;Source;InstallType;SourceLocation;FileDownloadName;PerformHashCheck;Hash;FilestoInstall;DrivetoInstall;LocationtoInstall;CreateFolderInfoFile;NewFileName;ModifyUserStartup;ModifyStartupSequence;StartupSequenceInjectionStartPoint;StartupSequenceInjectionEndPoint;ModifyInfoFileTooltype;PiSpecificStorageDriver
FALSE;3.1,3.2,3.2.2.1;#IconLib;TRUE;IconLib;;20231231;Web;Full;;Iconlib.lha;FALSE;10156C1508013D774874135DB9C4E4D3;IconLib_*\ThirdParty\RemLib\RemLib;System;C\;FALSE;;FALSE;Add;VERSION-40.5¬C:Version >NIL: exec.library 45 20¬VERSION-40.2¬C:SetPatch QUIET;;FALSE;FALSE
FALSE;3.1,3.2,3.2.2.1;#IconLib;TRUE;IconLib;;20231231;Web;Full;;Iconlib.lha;FALSE;10156C1508013D774874135DB9C4E4D3;IconLib_*\Libs\icon.library;System;Libs\;FALSE;;FALSE;Add;VERSION-40.5¬C:Version >NIL: exec.library 45 20¬VERSION-40.2¬C:SetPatch QUIET;;FALSE;FALSE
TRUE;3.1;akDatatypes - Wizard Lib;FALSE;;;;Web;Full;http://aminet.net/util/libs/WizardLibrary.lha;WizardLibrary.lha;TRUE;44e5084e9cb644940fda9d172d87d91d;wizard.library;System;Libs\;FALSE;;FALSE;FALSE;;;FALSE;FALSE
TRUE;3.1;akDatatypes - JFIF;FALSE;;;;Web;Full;https://aminet.net/util/dtype/akJFIF-dt.lha;akJFIF-dt.lha;TRUE;7b5fcb7a557c87faaf529110f912f909;akJFIF-Datatype\Classes\DataTypes\akJFIF.datatype;System;Classes\DataTypes\;FALSE;;FALSE;FALSE;;;FALSE;FALSE
TRUE;3.1;akDatatypes - JFIF;FALSE;;;;Web;Full;https://aminet.net/util/dtype/akJFIF-dt.lha;akJFIF-dt.lha;TRUE;7b5fcb7a557c87faaf529110f912f909;akJFIF-Datatype\devs\Datatypes\*;System;Devs\DataTypes\;FALSE;;FALSE;FALSE;;;FALSE;FALSE
TRUE;3.1;akDatatypes - JFIF;FALSE;;;;Web;Full;https://aminet.net/util/dtype/akJFIF-dt.lha;akJFIF-dt.lha;TRUE;7b5fcb7a557c87faaf529110f912f909;akJFIF-Datatype\Prefs\Datatypes\*;System;Prefs\akDatatypes\;TRUE;;FALSE;FALSE;;;FALSE;FALSE
TRUE;3.1;akDatatypes - PNG;FALSE;;;;Web;Full;https://aminet.net/util/dtype/akPNG-dt.lha;akPNG-dt.lha;TRUE;ff0fe74ed8f9790ee27098aaf43ef756;akPNG-Datatype\Classes\DataTypes\akPNG.datatype;System;Classes\DataTypes\;FALSE;;FALSE;FALSE;;;FALSE;FALSE
TRUE;3.1;akDatatypes - PNG;FALSE;;;;Web;Full;https://aminet.net/util/dtype/akPNG-dt.lha;akPNG-dt.lha;TRUE;ff0fe74ed8f9790ee27098aaf43ef756;akPNG-Datatype\devs\Datatypes\*;System;Devs\DataTypes\;FALSE;;FALSE;FALSE;;;FALSE;FALSE
TRUE;3.1;akDatatypes - PNG;FALSE;;;;Web;Full;https://aminet.net/util/dtype/akPNG-dt.lha;akPNG-dt.lha;TRUE;ff0fe74ed8f9790ee27098aaf43ef756;akPNG-Datatype\Prefs\Datatypes\*;System;Prefs\akDatatypes\;TRUE;;FALSE;FALSE;;;FALSE;FALSE
TRUE;3.1;akDatatypes - GIF;FALSE;;;;Web;Full;https://aminet.net/util/dtype/akGIF-dt.lha;akGIF-dt.lha;TRUE;9b5ae40e92dcb2960c93635f90209f53;akGIF-Datatype\Classes\DataTypes\akGIF.datatype;System;Classes\DataTypes\;FALSE;;FALSE;FALSE;;;FALSE;FALSE
TRUE;3.1;akDatatypes - GIF;FALSE;;;;Web;Full;https://aminet.net/util/dtype/akGIF-dt.lha;akGIF-dt.lha;TRUE;9b5ae40e92dcb2960c93635f90209f53;akGIF-Datatype\devs\Datatypes\*;System;Devs\DataTypes\;FALSE;;FALSE;FALSE;;;FALSE;FALSE
TRUE;3.1;akDatatypes - GIF;FALSE;;;;Web;Full;https://aminet.net/util/dtype/akGIF-dt.lha;akGIF-dt.lha;TRUE;9b5ae40e92dcb2960c93635f90209f53;akGIF-Datatype\Prefs\Datatypes\*;System;Prefs\akDatatypes\;TRUE;;FALSE;FALSE;;;FALSE;FALSE
TRUE;3.1;akDatatypes - TIFF;FALSE;;;;Web;Full;https://aminet.net/util/dtype/akTIFF-dt.lha;akTIFF-dt.lha;TRUE;01c8c82022816b41baf683940cd3a8cf;akTIFF-Datatype\Classes\DataTypes\akTIFF.datatype;System;Classes\DataTypes\;FALSE;;FALSE;FALSE;;;FALSE;FALSE
TRUE;3.1;akDatatypes - TIFF;FALSE;;;;Web;Full;https://aminet.net/util/dtype/akTIFF-dt.lha;akTIFF-dt.lha;TRUE;01c8c82022816b41baf683940cd3a8cf;akTIFF-Datatype\devs\Datatypes\*;System;Devs\DataTypes\;FALSE;;FALSE;FALSE;;;FALSE;FALSE
TRUE;3.1;akDatatypes - TIFF;FALSE;;;;Web;Full;https://aminet.net/util/dtype/akTIFF-dt.lha;akTIFF-dt.lha;TRUE;01c8c82022816b41baf683940cd3a8cf;akTIFF-Datatype\Prefs\Datatypes\*;System;Prefs\akDatatypes\;TRUE;;FALSE;FALSE;;;FALSE;FALSE
TRUE;3.1,3.2,3.2.2.1;AmiSpeedTest;FALSE;;;;Web;Full;https://aminet.net/comm/net/AmiSpeedTest.lha;AmiSpeedTest.lha;TRUE;f092dfa356e689faece7efe0b40879da;AmiSpeedTest\*;System;Programs\AmiSpeedTest\;TRUE;;FALSE;FALSE;;;FALSE;FALSE
TRUE;3.1,3.2,3.2.2.1;AMISSL;TRUE;AMISSL;-SDK;20231231;Web;Full;;AmiSSL.lha;FALSE;AFE0CF0B8A6369828604122DB707EEEE;AmiSSL\Libs\AmigaOS3\amisslmaster.library;System;Programs\AMISSL\Libs\;FALSE;;TRUE;FALSE;;;FALSE;FALSE
TRUE;3.1,3.2,3.2.2.1;AMISSL;TRUE;AMISSL;-SDK;20231231;Web;Full;;AmiSSL.lha;FALSE;AFE0CF0B8A6369828604122DB707EEEE;AmiSSL\Libs\AmigaOS3\AmiSSL\68020-40\amissl_v*.library;System;Programs\AMISSL\Libs\AmiSSL\;FALSE;;TRUE;FALSE;;;FALSE;FALSE
TRUE;3.1,3.2,3.2.2.1;AMISSL;TRUE;AMISSL;-SDK;20231231;Web;Full;;AmiSSL.lha;FALSE;AFE0CF0B8A6369828604122DB707EEEE;AmiSSL\Doc\*;System;Programs\AMISSL\;TRUE;;TRUE;FALSE;;;FALSE;FALSE
TRUE;3.1,3.2,3.2.2.1;AMISSL;TRUE;AMISSL;-SDK;20231231;Web;Full;;AmiSSL.lha;FALSE;AFE0CF0B8A6369828604122DB707EEEE;AmiSSL\Certs\*;System;Programs\AMISSL\Certs\;FALSE;;TRUE;FALSE;;;FALSE;FALSE
TRUE;3.1,3.2,3.2.2.1;AMISSL;TRUE;AMISSL;-SDK;20231231;Web;Full;;AmiSSL.lha;FALSE;AFE0CF0B8A6369828604122DB707EEEE;AmiSSL\C\CA.pl;System;Programs\AMISSL\;TRUE;;TRUE;FALSE;;;FALSE;FALSE
TRUE;3.1,3.2,3.2.2.1;AMISSL;TRUE;AMISSL;-SDK;20231231;Web;Full;;AmiSSL.lha;FALSE;AFE0CF0B8A6369828604122DB707EEEE;AmiSSL\C\tsget.pl;System;Programs\AMISSL\;TRUE;;TRUE;FALSE;;;FALSE;FALSE
TRUE;3.1,3.2,3.2.2.1;AMISSL;TRUE;AMISSL;-SDK;20231231;Web;Full;;AmiSSL.lha;FALSE;AFE0CF0B8A6369828604122DB707EEEE;AmiSSL\C\openssl.cnf;System;Programs\AMISSL\;TRUE;;TRUE;FALSE;;;FALSE;FALSE
TRUE;3.1,3.2,3.2.2.1;AMISSL;TRUE;AMISSL;-SDK;20231231;Web;Full;;AmiSSL.lha;FALSE;AFE0CF0B8A6369828604122DB707EEEE;AmiSSL\C\AmigaOS3\OpenSSL;System;Programs\AMISSL\;TRUE;;TRUE;FALSE;;;FALSE;FALSE
TRUE;3.1,3.2,3.2.2.1;AreWePal;FALSE;;;;Local;CopyOnly;C\AreWePal;;FALSE;;;System;C\;FALSE;;FALSE;FALSE;;;FALSE;FALSE
TRUE;3.1,3.2,3.2.2.1;bustest;FALSE;;;;Web;Full;http://aminet.net/util/moni/bustest.lha;bustest.lha;TRUE;2047EA3632DA43F02ADD65CF2F81646C;bustest;System;C\;FALSE;;FALSE;FALSE;;;FALSE;FALSE
FALSE;3.1,3.2,3.2.2.1;CE;FALSE;;;;Web;Full;http://aminet.net/util/cli/CE14.lha;CE14.lha;;5A3B871F77E2B2804EDC80D507C01233;ce;System;C\;FALSE;;FALSE;FALSE;;;FALSE;FALSE
TRUE;3.1,3.2,3.2.2.1;CE;FALSE;;;;Local;CopyOnly;C\CE;;FALSE;;;System;C\;FALSE;;FALSE;FALSE;;;FALSE;FALSE
TRUE;3.1,3.2,3.2.2.1;CFD133;FALSE;;;;Web;Full;http://aminet.net/driver/media/CFD133.lha;CFD133.lha;TRUE;41EFA7D5CDEDC94811D27226DA30644F;CFD133\Devs\compactflash.device;System;Devs\;FALSE;;FALSE;FALSE;;;FALSE;FALSE
TRUE;3.1,3.2,3.2.2.1;CFD133;FALSE;;;;Web;Full;http://aminet.net/driver/media/CFD133.lha;CFD133.lha;TRUE;41EFA7D5CDEDC94811D27226DA30644F;CFD133\C\*;System;C\;FALSE;;FALSE;FALSE;;;FALSE;FALSE
TRUE;3.1,3.2,3.2.2.1;CFD133;FALSE;;;;Web;Full;http://aminet.net/driver/media/CFD133.lha;CFD133.lha;TRUE;41EFA7D5CDEDC94811D27226DA30644F;CFD133\Devs\CF0;System;Storage\DOSDrivers\;FALSE;;FALSE;FALSE;;;FALSE;FALSE
TRUE;3.1,3.2,3.2.2.1;CFD133;FALSE;;;;Web;Full;http://aminet.net/driver/media/CFD133.lha;CFD133.lha;TRUE;41EFA7D5CDEDC94811D27226DA30644F;CFD133\Devs\CF0.info;System;Storage\DOSDrivers\;FALSE;;FALSE;FALSE;;;FALSE;FALSE
FALSE;3.1,3.2,3.2.2.1;ChangeBootPri;FALSE;;;;Web;Full;https://thomas-rapp.hier-im-netz.de/downloads/changebootpri.lha;changebootpri.lha;TRUE;0759E839F03608D70CB6BD8486DEB382;changebootpri;System;C\;FALSE;;FALSE;FALSE;;;FALSE;FALSE
FALSE;3.1;CopyReplace;FALSE;;;;Web;Full;http://aminet.net/util/sys/CopyReplace.lha;CopyReplace.lha;TRUE;e23160b39f50d879d7a2a1a93658a0c5;Copy;System;C\;FALSE;;FALSE;FALSE;;;FALSE;FALSE
TRUE;3.1,3.2,3.2.2.1;DirectoryOpus.CFG;FALSE;;;;Local;CopyOnly;S\DirectoryOpus.CFG;;FALSE;;;System;S\;FALSE;;FALSE;FALSE;;;FALSE;FALSE
TRUE;3.1,3.2,3.2.2.1;DOpus416;FALSE;;;;Web;Full;http://aminet.net/util/dopus/DOpus416JRbin.lha;DOpus416JRbin.lha;TRUE;19C6CDEA1F01EBDFE8154C16E7DABF23;DOpus.info;System;Programs\;FALSE;;FALSE;FALSE;;;FALSE;FALSE
TRUE;3.1,3.2,3.2.2.1;DOpus416;FALSE;;;;Web;Full;http://aminet.net/util/dopus/DOpus416JRbin.lha;DOpus416JRbin.lha;TRUE;19C6CDEA1F01EBDFE8154C16E7DABF23;DOpus\DOpus416JRbin.readme;System;Programs\DOpus\;FALSE;;FALSE;FALSE;;;FALSE;FALSE
TRUE;3.1,3.2,3.2.2.1;DOpus416;FALSE;;;;Web;Full;http://aminet.net/util/dopus/DOpus416JRbin.lha;DOpus416JRbin.lha;TRUE;19C6CDEA1F01EBDFE8154C16E7DABF23;DOpus\Docs.info;System;Programs\DOpus\;FALSE;;FALSE;FALSE;;;FALSE;FALSE
TRUE;3.1,3.2,3.2.2.1;DOpus416;FALSE;;;;Web;Full;http://aminet.net/util/dopus/DOpus416JRbin.lha;DOpus416JRbin.lha;TRUE;19C6CDEA1F01EBDFE8154C16E7DABF23;DOpus\DirectoryOpus.info;System;Programs\DOpus\;FALSE;;FALSE;FALSE;;;Modify;FALSE
TRUE;3.1,3.2,3.2.2.1;DOpus416;FALSE;;;;Web;Full;http://aminet.net/util/dopus/DOpus416JRbin.lha;DOpus416JRbin.lha;TRUE;19C6CDEA1F01EBDFE8154C16E7DABF23;DOpus\DOpus416JRbin.readme.info;System;Programs\DOpus\;FALSE;;FALSE;FALSE;;;FALSE;FALSE
TRUE;3.1,3.2,3.2.2.1;DOpus416;FALSE;;;;Web;Full;http://aminet.net/util/dopus/DOpus416JRbin.lha;DOpus416JRbin.lha;TRUE;19C6CDEA1F01EBDFE8154C16E7DABF23;DOpus\c\*;System;Programs\DOpus\c\;FALSE;;FALSE;FALSE;;;FALSE;FALSE
TRUE;3.1,3.2,3.2.2.1;DOpus416;FALSE;;;;Web;Full;http://aminet.net/util/dopus/DOpus416JRbin.lha;DOpus416JRbin.lha;TRUE;19C6CDEA1F01EBDFE8154C16E7DABF23;DOpus\Docs\*;System;Programs\DOpus\Docs\;FALSE;;FALSE;FALSE;;;FALSE;FALSE
TRUE;3.1,3.2,3.2.2.1;DOpus416;FALSE;;;;Web;Full;http://aminet.net/util/dopus/DOpus416JRbin.lha;DOpus416JRbin.lha;TRUE;19C6CDEA1F01EBDFE8154C16E7DABF23;DOpus\s\*;System;Programs\DOpus\s\;FALSE;;FALSE;FALSE;;;FALSE;FALSE
TRUE;3.1,3.2,3.2.2.1;DOpus417;FALSE;;;;Web;Full;http://dopus.free.fr/betas/DOpus417pre21.lzx;DOpus417pre21.lzx;TRUE;8B880EDD51404C7EFBE54245713CF578;ConfigOpus;System;Programs\DOpus\modules\;FALSE;;FALSE;FALSE;;;FALSE;FALSE
TRUE;3.1,3.2,3.2.2.1;DOpus417;FALSE;;;;Web;Full;http://dopus.free.fr/betas/DOpus417pre21.lzx;DOpus417pre21.lzx;TRUE;8B880EDD51404C7EFBE54245713CF578;DirectoryOpus;System;Programs\DOpus\;FALSE;;FALSE;FALSE;;;FALSE;FALSE
TRUE;3.1,3.2,3.2.2.1;DOpus417;FALSE;;;;Web;Full;http://dopus.free.fr/betas/DOpus417pre21.lzx;DOpus417pre21.lzx;TRUE;8B880EDD51404C7EFBE54245713CF578;dopus.library;System;Programs\DOpus\Libs\;FALSE;;FALSE;FALSE;;;FALSE;FALSE
TRUE;3.1,3.2,3.2.2.1;DOpus417;FALSE;;;;Web;Full;http://dopus.free.fr/betas/DOpus417pre21.lzx;DOpus417pre21.lzx;TRUE;8B880EDD51404C7EFBE54245713CF578;DOpus_Disk;System;Programs\DOpus\modules\;FALSE;;FALSE;FALSE;;;FALSE;FALSE
TRUE;3.1,3.2,3.2.2.1;DOpus417;FALSE;;;;Web;Full;http://dopus.free.fr/betas/DOpus417pre21.lzx;DOpus417pre21.lzx;TRUE;8B880EDD51404C7EFBE54245713CF578;DOpus_Icon;System;Programs\DOpus\modules\;FALSE;;FALSE;FALSE;;;FALSE;FALSE
TRUE;3.1,3.2,3.2.2.1;DOpus417;FALSE;;;;Web;Full;http://dopus.free.fr/betas/DOpus417pre21.lzx;DOpus417pre21.lzx;TRUE;8B880EDD51404C7EFBE54245713CF578;DOpus_Print;System;Programs\DOpus\modules\;FALSE;;FALSE;FALSE;;;FALSE;FALSE
TRUE;3.1,3.2,3.2.2.1;DOpus417;FALSE;;;;Web;Full;http://dopus.free.fr/betas/DOpus417pre21.lzx;DOpus417pre21.lzx;TRUE;8B880EDD51404C7EFBE54245713CF578;History\*;System;Programs\DOpus\History\;FALSE;;FALSE;FALSE;;;FALSE;FALSE
FALSE;3.1,3.2,3.2.2.1;DopusEdit;FALSE;;;;Local;CopyOnly;Programs\Dopus\C\DopusEdit;;FALSE;;;System;Programs\DOpus\c\;FALSE;;FALSE;FALSE;;;FALSE;FALSE
TRUE;3.1,3.2,3.2.2.1;Emu68Info;FALSE;;;;Local;CopyOnly;C\Emu68Info;;FALSE;;;System;C\;FALSE;;FALSE;FALSE;;;FALSE;FALSE
TRUE;3.1,3.2,3.2.2.1;EmuContol - C Folder;FALSE;;;;Emu68;CopyOnly;Emu68Tools\EmuControl\Emucontrol;;FALSE;;;System;C\;FALSE;;FALSE;FALSE;;;FALSE;FALSE
TRUE;3.1,3.2,3.2.2.1;Emucontrol - Pistorm Folder;FALSE;;;;Emu68;CopyOnly;Emu68Tools\EmuControl\Emucontrol;;FALSE;;;System;PiStorm\;TRUE;;FALSE;FALSE;;;FALSE;FALSE
TRUE;3.1,3.2,3.2.2.1;Emucontrol - Pistorm Folder;FALSE;;;;Emu68;CopyOnly;Emu68Tools\EmuControl\Emucontrol.info;;FALSE;;;System;PiStorm\;TRUE;;FALSE;FALSE;;;FALSE;FALSE
TRUE;3.1,3.2,3.2.2.1;EMUControl - VC4Tweak;FALSE;;;;Emu68;CopyOnly;Emu68Tools\EmuControl\Emucontrol.info;;FALSE;;;System;PiStorm\;TRUE;VC4Tweak.info;FALSE;FALSE;;;FALSE;FALSE
TRUE;3.1,3.2,3.2.2.1;EMUControl - VC4Tweak;FALSE;;;;Emu68;CopyOnly;Emu68Tools\VC4Tweak\VC4Tweak;;FALSE;;;System;PiStorm\;TRUE;;FALSE;FALSE;;;FALSE;FALSE
TRUE;3.1,3.2,3.2.2.1;Environment Variable - FIRSTTIMEBOOT;FALSE;;;;Local;CopyOnly;Prefs\Env-Archive\FIRSTTIMEBOOT;;FALSE;;;System;Prefs\Env-Archive\;FALSE;;FALSE;FALSE;;;FALSE;FALSE
TRUE;3.1,3.2,3.2.2.1;Environment Variable - REBOOT;FALSE;;;;Local;CopyOnly;Prefs\Env-Archive\REBOOT;;FALSE;;;System;Prefs\Env-Archive\;FALSE;;FALSE;FALSE;;;FALSE;FALSE
TRUE;3.1,3.2,3.2.2.1;FAT95;FALSE;;;;Web;Full;https://aminet.net/disk/misc/fat95.lha;Fat95.lha;TRUE;B9BBC735FC367F830250D26FAA879B39;fat95\l\fat95;System;L\;FALSE;;FALSE;FALSE;;;FALSE;FALSE
TRUE;3.1,3.2,3.2.2.1;FileSysbox;FALSE;;;;Web;Full;http://aminet.net/util/libs/filesysbox.m68k-amigaos.lha;filesysbox.m68k-amigaos.lha;TRUE;C8AEB8CEFE87B98499963FE5330E2CA6;filesysbox\Libs\filesysbox.library.020;System;Libs\;FALSE;filesysbox.library;FALSE;FALSE;;;FALSE;FALSE
TRUE;3.1,3.2,3.2.2.1;HippoPlayer;FALSE;;;;Web;Full;https://aminet.net/mus/play/hippoplayer.lha;hippoplayer.lha;TRUE;aa28f29175d968c4f4ccfd5a6c4f7ce4;HippoPlayer\HiP.*;System;Programs\HippoPlayer\;TRUE;;FALSE;FALSE;;;FALSE;FALSE
TRUE;3.1,3.2,3.2.2.1;HippoPlayer;FALSE;;;;Web;Full;https://aminet.net/mus/play/hippoplayer.lha;hippoplayer.lha;TRUE;aa28f29175d968c4f4ccfd5a6c4f7ce4;HippoPlayer\HippoPlayer.PS3M;System;S\;FALSE;;FALSE;FALSE;;;FALSE;FALSE
TRUE;3.1,3.2,3.2.2.1;HippoPlayer;FALSE;;;;Web;Full;https://aminet.net/mus/play/hippoplayer.lha;hippoplayer.lha;TRUE;aa28f29175d968c4f4ccfd5a6c4f7ce4;HippoSupport\*;System;Programs\HippoPlayer\;TRUE;;FALSE;FALSE;;;FALSE;FALSE
TRUE;3.1,3.2,3.2.2.1;HippoPlayer;FALSE;;;;Web;Full;https://aminet.net/mus/play/hippoplayer.lha;hippoplayer.lha;TRUE;aa28f29175d968c4f4ccfd5a6c4f7ce4;HippoSupport\Libs\octa*;System;Libs\;FALSE;;FALSE;FALSE;;;FALSE;FALSE
TRUE;3.1,3.2,3.2.2.1;HippoPlayer;FALSE;;;;Web;Full;https://aminet.net/mus/play/hippoplayer.lha;hippoplayer.lha;TRUE;aa28f29175d968c4f4ccfd5a6c4f7ce4;HippoSupport\Libs\m*;System;Libs\;FALSE;;FALSE;FALSE;;;FALSE;FALSE
TRUE;3.1,3.2,3.2.2.1;HippoPlayerUpdate;FALSE;;;;Web;Full;https://aminet.net/mus/play/hippoplayerupdate.lha;hippoplayerupdate.lha;FALSE;2a024bf40065e91edd0f8d876d5268ed;HiP;System;Programs\HippoPlayer\;TRUE;;FALSE;FALSE;;;FALSE;FALSE
TRUE;3.1,3.2,3.2.2.1;HippoPlayerUpdate;FALSE;;;;Web;Full;https://aminet.net/mus/play/hippoplayerupdate.lha;hippoplayerupdate.lha;FALSE;2a024bf40065e91edd0f8d876d5268ed;HippoPlayer.group;System;S\;FALSE;;FALSE;FALSE;;;FALSE;FALSE
TRUE;3.1,3.2,3.2.2.1;HippoPlayerUpdate;FALSE;;;;Web;Full;https://aminet.net/mus/play/hippoplayerupdate.lha;hippoplayerupdate.lha;FALSE;2a024bf40065e91edd0f8d876d5268ed;playsid.library;System;Libs\;FALSE;;FALSE;FALSE;;;FALSE;FALSE
TRUE;3.1,3.2,3.2.2.1;Ibrowse;FALSE;;;;Web;Full;https://www.ibrowse-dev.net/resources/IBrowse3.0a-OS3.lha;IBrowse-OS3.lha;TRUE;E448F1B7E46034A5D2DBCB464C9A7268;IBrowse*.info;System;Programs\;FALSE;IBrowse.info;FALSE;FALSE;;;FALSE;FALSE
TRUE;3.1,3.2,3.2.2.1;Ibrowse;FALSE;;;;Web;Full;https://www.ibrowse-dev.net/resources/IBrowse3.0a-OS3.lha;IBrowse-OS3.lha;TRUE;E448F1B7E46034A5D2DBCB464C9A7268;IBrowse*-OS3\Catalogs\*;System;Programs\IBrowse\Catalogs\;FALSE;;FALSE;FALSE;;;FALSE;FALSE
TRUE;3.1,3.2,3.2.2.1;Ibrowse;FALSE;;;;Web;Full;https://www.ibrowse-dev.net/resources/IBrowse3.0a-OS3.lha;IBrowse-OS3.lha;TRUE;E448F1B7E46034A5D2DBCB464C9A7268;Ibrowse*-OS3\Codecs\*;System;Programs\IBrowse\Codecs\;FALSE;;FALSE;FALSE;;;FALSE;FALSE
TRUE;3.1,3.2,3.2.2.1;Ibrowse;FALSE;;;;Web;Full;https://www.ibrowse-dev.net/resources/IBrowse3.0a-OS3.lha;IBrowse-OS3.lha;TRUE;E448F1B7E46034A5D2DBCB464C9A7268;Ibrowse*-OS3\Codecs040fpu\*;System;Programs\IBrowse\Codecs040fpu\;FALSE;;FALSE;FALSE;;;FALSE;FALSE
TRUE;3.1,3.2,3.2.2.1;Ibrowse;FALSE;;;;Web;Full;https://www.ibrowse-dev.net/resources/IBrowse3.0a-OS3.lha;IBrowse-OS3.lha;TRUE;E448F1B7E46034A5D2DBCB464C9A7268;Ibrowse*-OS3\ibcc\*;System;Programs\IBrowse\ibcc\;FALSE;;FALSE;FALSE;;;FALSE;FALSE
TRUE;3.1,3.2,3.2.2.1;Ibrowse;FALSE;;;;Web;Full;https://www.ibrowse-dev.net/resources/IBrowse3.0a-OS3.lha;IBrowse-OS3.lha;TRUE;E448F1B7E46034A5D2DBCB464C9A7268;Ibrowse*-OS3\images\*;System;Programs\IBrowse\images\;FALSE;;FALSE;FALSE;;;FALSE;FALSE
TRUE;3.2,3.2.2.1;Ibrowse;FALSE;;;;Web;Full;https://www.ibrowse-dev.net/resources/IBrowse3.0a-OS3.lha;IBrowse-OS3.lha;TRUE;E448F1B7E46034A5D2DBCB464C9A7268;Ibrowse*-OS3\Anims\TransferAnimation.24;System;Programs\IBrowse\images\;FALSE;TransferAnimation;FALSE;FALSE;;;FALSE;FALSE
TRUE;3.1;Ibrowse;FALSE;;;;Web;Full;https://www.ibrowse-dev.net/resources/IBrowse3.0a-OS3.lha;IBrowse-OS3.lha;TRUE;E448F1B7E46034A5D2DBCB464C9A7268;Ibrowse*-OS3\Anims\TransferAnimation;System;Programs\IBrowse\images\;FALSE;TransferAnimation;FALSE;FALSE;;;FALSE;FALSE
TRUE;3.1,3.2,3.2.2.1;Ibrowse;FALSE;;;;Web;Full;https://www.ibrowse-dev.net/resources/IBrowse3.0a-OS3.lha;IBrowse-OS3.lha;TRUE;E448F1B7E46034A5D2DBCB464C9A7268;Ibrowse*-OS3\info\*;System;Programs\IBrowse\info\;FALSE;;FALSE;FALSE;;;FALSE;FALSE
TRUE;3.1,3.2,3.2.2.1;Ibrowse;FALSE;;;;Web;Full;https://www.ibrowse-dev.net/resources/IBrowse3.0a-OS3.lha;IBrowse-OS3.lha;TRUE;E448F1B7E46034A5D2DBCB464C9A7268;Ibrowse*-OS3\protocols\*;System;Programs\IBrowse\protocols\;FALSE;;FALSE;FALSE;;;FALSE;FALSE
TRUE;3.1,3.2,3.2.2.1;Ibrowse;FALSE;;;;Web;Full;https://www.ibrowse-dev.net/resources/IBrowse3.0a-OS3.lha;IBrowse-OS3.lha;TRUE;E448F1B7E46034A5D2DBCB464C9A7268;Ibrowse*-OS3\Icons\IBrowse.info;System;Programs\IBrowse\;FALSE;;FALSE;FALSE;;;FALSE;FALSE
TRUE;3.1,3.2,3.2.2.1;Ibrowse;FALSE;;;;Web;Full;https://www.ibrowse-dev.net/resources/IBrowse3.0a-OS3.lha;IBrowse-OS3.lha;TRUE;E448F1B7E46034A5D2DBCB464C9A7268;Ibrowse*-OS3\Javascript\javascript.library.020;System;Programs\IBrowse\;FALSE;javascript.library;FALSE;FALSE;;;FALSE;FALSE
TRUE;3.1,3.2,3.2.2.1;Ibrowse;FALSE;;;;Web;Full;https://www.ibrowse-dev.net/resources/IBrowse3.0a-OS3.lha;IBrowse-OS3.lha;TRUE;E448F1B7E46034A5D2DBCB464C9A7268;Ibrowse*-OS3\plugins;System;Programs\IBrowse\Plugins\Plugins\;FALSE;;FALSE;FALSE;;;FALSE;FALSE
TRUE;3.1,3.2,3.2.2.1;Ibrowse;FALSE;;;;Web;Full;https://www.ibrowse-dev.net/resources/IBrowse3.0a-OS3.lha;IBrowse-OS3.lha;TRUE;E448F1B7E46034A5D2DBCB464C9A7268;Ibrowse*-OS3\MUI\*;System;Programs\MUI\Libs\MUI\;FALSE;;FALSE;FALSE;;;FALSE;FALSE
TRUE;3.1,3.2,3.2.2.1;Ibrowse;FALSE;;;;Web;Full;https://www.ibrowse-dev.net/resources/IBrowse3.0a-OS3.lha;IBrowse-OS3.lha;TRUE;E448F1B7E46034A5D2DBCB464C9A7268;Ibrowse*-OS3\spatch;System;C\;FALSE;;FALSE;FALSE;;;FALSE;FALSE
TRUE;3.1,3.2,3.2.2.1;Ibrowse;FALSE;;;;Web;Full;https://www.ibrowse-dev.net/resources/IBrowse3.0a-OS3.lha;IBrowse-OS3.lha;TRUE;E448F1B7E46034A5D2DBCB464C9A7268;Ibrowse*-OS3\cache;System;Programs\IBrowse\Plugins\Cache\;FALSE;;FALSE;FALSE;;;FALSE;FALSE
TRUE;3.1,3.2,3.2.2.1;Ibrowse;FALSE;;;;Web;Full;https://www.ibrowse-dev.net/resources/IBrowse3.0a-OS3.lha;IBrowse-OS3.lha;TRUE;E448F1B7E46034A5D2DBCB464C9A7268;IBrowse*-OS3\history.txt;System;Programs\IBrowse\;FALSE;;FALSE;FALSE;;;FALSE;FALSE
TRUE;3.1,3.2,3.2.2.1;Ibrowse;FALSE;;;;Web;Full;https://www.ibrowse-dev.net/resources/IBrowse3.0a-OS3.lha;IBrowse-OS3.lha;TRUE;E448F1B7E46034A5D2DBCB464C9A7268;IBrowse*-OS3\IBrowse;System;Programs\IBrowse\;FALSE;;FALSE;FALSE;;;FALSE;FALSE
TRUE;3.1,3.2,3.2.2.1;Ibrowse;FALSE;;;;Web;Full;https://www.ibrowse-dev.net/resources/IBrowse3.0a-OS3.lha;IBrowse-OS3.lha;TRUE;E448F1B7E46034A5D2DBCB464C9A7268;IBrowse*-OS3\ReadMe.html;System;Programs\IBrowse\;FALSE;;FALSE;FALSE;;;FALSE;FALSE
TRUE;3.1,3.2,3.2.2.1;Ibrowse;FALSE;;;;Web;Full;https://www.ibrowse-dev.net/resources/IBrowse3.0a-OS3.lha;IBrowse-OS3.lha;TRUE;E448F1B7E46034A5D2DBCB464C9A7268;IBrowse*-OS3\ReadMe.html.info;System;Programs\IBrowse\;FALSE;;FALSE;FALSE;;;FALSE;FALSE
TRUE;3.1,3.2,3.2.2.1;Ibrowse;FALSE;;;;Web;Full;https://www.ibrowse-dev.net/resources/IBrowse3.0a-OS3.lha;IBrowse-OS3.lha;TRUE;E448F1B7E46034A5D2DBCB464C9A7268;IBrowse*-OS3\ReadMe.mui;System;Programs\IBrowse\;FALSE;;FALSE;FALSE;;;FALSE;FALSE
TRUE;3.1,3.2,3.2.2.1;Ibrowse;FALSE;;;;Web;Full;https://www.ibrowse-dev.net/resources/IBrowse3.0a-OS3.lha;IBrowse-OS3.lha;TRUE;E448F1B7E46034A5D2DBCB464C9A7268;IBrowse*-OS3\ReadMe.mui.info;System;Programs\IBrowse\;FALSE;;FALSE;FALSE;;;FALSE;FALSE
TRUE;3.1,3.2,3.2.2.1;Ibrowse;FALSE;;;;Web;Full;https://www.ibrowse-dev.net/resources/IBrowse3.0a-OS3.lha;IBrowse-OS3.lha;TRUE;E448F1B7E46034A5D2DBCB464C9A7268;IBrowse*-OS3\ReadMe.txt;System;Programs\IBrowse\;FALSE;;FALSE;FALSE;;;FALSE;FALSE
TRUE;3.1,3.2,3.2.2.1;Ibrowse;FALSE;;;;Web;Full;https://www.ibrowse-dev.net/resources/IBrowse3.0a-OS3.lha;IBrowse-OS3.lha;TRUE;E448F1B7E46034A5D2DBCB464C9A7268;IBrowse*-OS3\ReadMe.txt.info;System;Programs\IBrowse\;FALSE;;FALSE;FALSE;;;FALSE;FALSE
TRUE;3.1,3.2,3.2.2.1;Ibrowse;FALSE;;;;Local;CopyOnly;Programs\IBrowse\IBrowse.prefs;;FALSE;;;System;Programs\IBrowse\;FALSE;;FALSE;FALSE;;;FALSE;FALSE
TRUE;3.1,3.2,3.2.2.1;IconLib;TRUE;IconLib;;20231231;Web;Full;;Iconlib.lha;FALSE;10156C1508013D774874135DB9C4E4D3;IconLib_*\ThirdParty\RemLib\RemLib;System;C\;FALSE;;FALSE;FALSE;;;FALSE;FALSE
TRUE;3.1,3.2,3.2.2.1;IconLib;TRUE;IconLib;;20231231;Web;Full;;Iconlib.lha;FALSE;10156C1508013D774874135DB9C4E4D3;IconLib_*\Libs\icon.library;System;Libs\;FALSE;;FALSE;FALSE;;;FALSE;FALSE
TRUE;3.1,3.2,3.2.2.1;IdeFix97;FALSE;;;;Web;Full;http://aminet.net/driver/media/IDEfix97.lha;IDEfix97.lha;TRUE;8AB3264E93D21AB4C0A5E4ACC89730AF;IDE-fix\killdev;System;C\;FALSE;;FALSE;FALSE;;;FALSE;FALSE
TRUE;3.1,3.2,3.2.2.1;Installer;FALSE;;;;Web;Full;http://aminet.net/util/misc/Installer-43_3.lha;Installer-43_3.lha;TRUE;B22CD3A6A6CBE7D8A44BD7853ABB56E9;Installer43_3\installer;System;C\;FALSE;;FALSE;FALSE;;;FALSE;FALSE
TRUE;3.1,3.2,3.2.2.1;JanoEditor;FALSE;;;;Web;Full;https://aminet.net/text/edit/JanoEditor.lha;JanoEditor.lha;TRUE;f7ad33f8c8374ccb8b9488f571ff76f5;Jano_v*\Jano*;System;Programs\JanoEditor\;TRUE;;FALSE;FALSE;;;FALSE;FALSE
TRUE;3.1,3.2,3.2.2.1;KickstartRomHashes;FALSE;;;;Local;CopyOnly;S\KickstartRomHashes;;FALSE;;;System;S\;FALSE;;FALSE;FALSE;;;FALSE;FALSE
TRUE;3.1,3.2,3.2.2.1;LHA;FALSE;;;;Web;Full;http://aminet.net/util/arc/lha_68k.lha;lha_68k.lha;TRUE;b027204c48dfde2b653dadb598124e28;lha_68040;System;C\;FALSE;LHA;FALSE;FALSE;;;FALSE;FALSE
TRUE;3.1,3.2,3.2.2.1;LZX;FALSE;;;;Web;Full;http://aminet.net/util/arc/lzx121r1.lha;lzx121r1.lha;TRUE;13A4E1947DBFBBA7728B2DCBAF690FE9;LZX_68040r;System;C\;FALSE;LZX;FALSE;FALSE;;;FALSE;FALSE
TRUE;3.1,3.2,3.2.2.1;LZX;FALSE;;;;Web;Full;http://aminet.net/util/arc/lzx121r1.lha;lzx121r1.lha;TRUE;13A4E1947DBFBBA7728B2DCBAF690FE9;LZX.Keyfile;System;L\;FALSE;;FALSE;FALSE;;;FALSE;FALSE
TRUE;3.1;MD5Sum;FALSE;;;;Web;Full;http://aminet.net/util/crypt/MD5SUM.lha;Md5Sum.lha;TRUE;73354AD722764157FB7113F54E2A26B7;md5sum\md5sum;System;C\;FALSE;;FALSE;FALSE;;;FALSE;FALSE
TRUE;3.1,3.2,3.2.2.1;MUI38;FALSE;;;;Web;Full;http://aminet.net/util/libs/mui38usr.lha;mui38usr.lha;TRUE;04DF2D2C444A112C66D1B2CA593CB71A;MUI.info;System;Programs\;FALSE;;TRUE;FALSE;;;FALSE;FALSE
TRUE;3.1,3.2,3.2.2.1;MUI38;FALSE;;;;Web;Full;http://aminet.net/util/libs/mui38usr.lha;mui38usr.lha;TRUE;04DF2D2C444A112C66D1B2CA593CB71A;MUI\Docs\*;System;Programs\MUI\Docs\;FALSE;;TRUE;FALSE;;;FALSE;FALSE
TRUE;3.1,3.2,3.2.2.1;MUI38;FALSE;;;;Web;Full;http://aminet.net/util/libs/mui38usr.lha;mui38usr.lha;TRUE;04DF2D2C444A112C66D1B2CA593CB71A;MUI\Libs\*;System;Programs\MUI\Libs;FALSE;;TRUE;FALSE;;;FALSE;FALSE
TRUE;3.1,3.2,3.2.2.1;MUI38;FALSE;;;;Web;Full;http://aminet.net/util/libs/mui38usr.lha;mui38usr.lha;TRUE;04DF2D2C444A112C66D1B2CA593CB71A;MUI\Rexx\*;System;Programs\MUI\Rexx\;FALSE;;TRUE;FALSE;;;FALSE;FALSE
TRUE;3.1,3.2,3.2.2.1;MUI38;FALSE;;;;Web;Full;http://aminet.net/util/libs/mui38usr.lha;mui38usr.lha;TRUE;04DF2D2C444A112C66D1B2CA593CB71A;MUI\Presets\*;System;Programs\MUI\Presets\;FALSE;;TRUE;FALSE;;;FALSE;FALSE
TRUE;3.1,3.2,3.2.2.1;MUI38;FALSE;;;;Web;Full;http://aminet.net/util/libs/mui38usr.lha;mui38usr.lha;TRUE;04DF2D2C444A112C66D1B2CA593CB71A;MUI\Patterns\*;System;Programs\MUI\Patterns\;FALSE;;TRUE;FALSE;;;FALSE;FALSE
TRUE;3.1,3.2,3.2.2.1;MUI38;FALSE;;;;Web;Full;http://aminet.net/util/libs/mui38usr.lha;mui38usr.lha;TRUE;04DF2D2C444A112C66D1B2CA593CB71A;MUI\Icons\*;System;Programs\MUI\Icons\;FALSE;;TRUE;FALSE;;;FALSE;FALSE
TRUE;3.1,3.2,3.2.2.1;MUI38;FALSE;;;;Web;Full;http://aminet.net/util/libs/mui38usr.lha;mui38usr.lha;TRUE;04DF2D2C444A112C66D1B2CA593CB71A;MUI\Goodies\*;System;Programs\MUI\Goodies\;FALSE;;TRUE;FALSE;;;FALSE;FALSE
TRUE;3.1,3.2,3.2.2.1;MUI38;FALSE;;;;Web;Full;http://aminet.net/util/libs/mui38usr.lha;mui38usr.lha;TRUE;04DF2D2C444A112C66D1B2CA593CB71A;MUI\Images\*;System;Programs\MUI\Images\;FALSE;;TRUE;FALSE;;;FALSE;FALSE
TRUE;3.1,3.2,3.2.2.1;MUI38;FALSE;;;;Web;Full;http://aminet.net/util/libs/mui38usr.lha;mui38usr.lha;TRUE;04DF2D2C444A112C66D1B2CA593CB71A;MUI\Docs.info;System;Programs\MUI\;FALSE;;TRUE;FALSE;;;FALSE;FALSE
TRUE;3.1,3.2,3.2.2.1;MUI38;FALSE;;;;Web;Full;http://aminet.net/util/libs/mui38usr.lha;mui38usr.lha;TRUE;04DF2D2C444A112C66D1B2CA593CB71A;MUI\Goodies.info;System;Programs\MUI\;FALSE;;TRUE;FALSE;;;FALSE;FALSE
TRUE;3.1,3.2,3.2.2.1;MUI38;FALSE;;;;Web;Full;http://aminet.net/util/libs/mui38usr.lha;mui38usr.lha;TRUE;04DF2D2C444A112C66D1B2CA593CB71A;MUI\Icons.info;System;Programs\MUI\;FALSE;;TRUE;FALSE;;;FALSE;FALSE
TRUE;3.1,3.2,3.2.2.1;MUI38;FALSE;;;;Web;Full;http://aminet.net/util/libs/mui38usr.lha;mui38usr.lha;TRUE;04DF2D2C444A112C66D1B2CA593CB71A;MUI\Images.info;System;Programs\MUI\;FALSE;;TRUE;FALSE;;;FALSE;FALSE
TRUE;3.1,3.2,3.2.2.1;MUI38;FALSE;;;;Web;Full;http://aminet.net/util/libs/mui38usr.lha;mui38usr.lha;TRUE;04DF2D2C444A112C66D1B2CA593CB71A;MUI\Libs.info;System;Programs\MUI\;FALSE;;TRUE;FALSE;;;FALSE;FALSE
TRUE;3.1,3.2,3.2.2.1;MUI38;FALSE;;;;Web;Full;http://aminet.net/util/libs/mui38usr.lha;mui38usr.lha;TRUE;04DF2D2C444A112C66D1B2CA593CB71A;MUI\LiesMich;System;Programs\MUI\;FALSE;;TRUE;FALSE;;;FALSE;FALSE
TRUE;3.1,3.2,3.2.2.1;MUI38;FALSE;;;;Web;Full;http://aminet.net/util/libs/mui38usr.lha;mui38usr.lha;TRUE;04DF2D2C444A112C66D1B2CA593CB71A;MUI\LiesMich.info;System;Programs\MUI\;FALSE;;TRUE;FALSE;;;FALSE;FALSE
TRUE;3.1,3.2,3.2.2.1;MUI38;FALSE;;;;Web;Full;http://aminet.net/util/libs/mui38usr.lha;mui38usr.lha;TRUE;04DF2D2C444A112C66D1B2CA593CB71A;MUI\MUI;System;Programs\MUI\;FALSE;;TRUE;FALSE;;;FALSE;FALSE
TRUE;3.1,3.2,3.2.2.1;MUI38;FALSE;;;;Web;Full;http://aminet.net/util/libs/mui38usr.lha;mui38usr.lha;TRUE;04DF2D2C444A112C66D1B2CA593CB71A;MUI\MUI.info;System;Programs\MUI\;FALSE;;TRUE;FALSE;;;FALSE;FALSE
TRUE;3.1,3.2,3.2.2.1;MUI38;FALSE;;;;Web;Full;http://aminet.net/util/libs/mui38usr.lha;mui38usr.lha;TRUE;04DF2D2C444A112C66D1B2CA593CB71A;MUI\Patterns.info;System;Programs\MUI\;FALSE;;TRUE;FALSE;;;FALSE;FALSE
TRUE;3.1,3.2,3.2.2.1;MUI38;FALSE;;;;Web;Full;http://aminet.net/util/libs/mui38usr.lha;mui38usr.lha;TRUE;04DF2D2C444A112C66D1B2CA593CB71A;MUI\Presets.info;System;Programs\MUI\;FALSE;;TRUE;FALSE;;;FALSE;FALSE
TRUE;3.1,3.2,3.2.2.1;MUI38;FALSE;;;;Web;Full;http://aminet.net/util/libs/mui38usr.lha;mui38usr.lha;TRUE;04DF2D2C444A112C66D1B2CA593CB71A;MUI\PSI;System;Programs\MUI\;FALSE;;TRUE;FALSE;;;FALSE;FALSE
TRUE;3.1,3.2,3.2.2.1;MUI38;FALSE;;;;Web;Full;http://aminet.net/util/libs/mui38usr.lha;mui38usr.lha;TRUE;04DF2D2C444A112C66D1B2CA593CB71A;MUI\PSI.info;System;Programs\MUI\;FALSE;;TRUE;FALSE;;;FALSE;FALSE
TRUE;3.1,3.2,3.2.2.1;MUI38;FALSE;;;;Web;Full;http://aminet.net/util/libs/mui38usr.lha;mui38usr.lha;TRUE;04DF2D2C444A112C66D1B2CA593CB71A;MUI\ReadMe;System;Programs\MUI\;FALSE;;TRUE;FALSE;;;FALSE;FALSE
TRUE;3.1,3.2,3.2.2.1;MUI38;FALSE;;;;Web;Full;http://aminet.net/util/libs/mui38usr.lha;mui38usr.lha;TRUE;04DF2D2C444A112C66D1B2CA593CB71A;MUI\ReadMe.info;System;Programs\MUI\;FALSE;;TRUE;FALSE;;;FALSE;FALSE
TRUE;3.1,3.2,3.2.2.1;MUI38;FALSE;;;;Web;Full;http://aminet.net/util/libs/mui38usr.lha;mui38usr.lha;TRUE;04DF2D2C444A112C66D1B2CA593CB71A;MUI\Rexx.info;System;Programs\MUI\;FALSE;;TRUE;FALSE;;;FALSE;FALSE
TRUE;3.1,3.2,3.2.2.1;oc666.library;FALSE;;;;Local;CopyOnly;Libs\oc666.library;;FALSE;;;System;Libs\;FALSE;;FALSE;FALSE;;;FALSE;FALSE
TRUE;3.1,3.2,3.2.2.1;OneTimeRun;FALSE;;;;Local;CopyOnly;OneTimeRun\*;;FALSE;;;System;S\OneTimeRun\;FALSE;;FALSE;Add;Binddrivers;;FALSE;FALSE
TRUE;3.1,3.2,3.2.2.1;PFS - Additional Tools;FALSE;;;;Web;Full;http://aminet.net/disk/misc/PFS3_53.lha;PFS3_53.lha;TRUE;FEDAA397BDD9C593EF1EA7C2E86BFB33;PFS3\tools\setfnsize;System;C\;FALSE;;FALSE;FALSE;;;FALSE;FALSE
TRUE;3.1,3.2,3.2.2.1;PFS - Additional Tools;FALSE;;;;Web;Full;http://aminet.net/disk/misc/PFS3_53.lha;PFS3_53.lha;TRUE;FEDAA397BDD9C593EF1EA7C2E86BFB33;PFS3\tools\pfsdoctor;System;C\;FALSE;;FALSE;FALSE;;;FALSE;FALSE
TRUE;3.1,3.2,3.2.2.1;PFS - Additional Tools;FALSE;;;;Web;Full;http://aminet.net/disk/misc/PFS3_53.lha;PFS3_53.lha;TRUE;FEDAA397BDD9C593EF1EA7C2E86BFB33;PFS3\classes\*;System;Classes\;FALSE;;FALSE;FALSE;;;FALSE;FALSE
TRUE;3.1;Picasso96;FALSE;;;;Web;Full;http://aminet.net/driver/video/Picasso96.lha;Picasso96.lha;TRUE;16287F92CE6DDEA23F5456CEB4525189;Picasso96Install\Classes\DataTypes\picture.datatype;System;Classes\DataTypes\;FALSE;;TRUE;FALSE;;;FALSE;FALSE
TRUE;3.1,3.2,3.2.2.1;Picasso96;FALSE;;;;Web;Full;http://aminet.net/driver/video/Picasso96.lha;Picasso96.lha;TRUE;16287F92CE6DDEA23F5456CEB4525189;Picasso96Install\Devs\Monitors\Picasso96.info;System;Devs\Monitors\;FALSE;Videocore.info;TRUE;FALSE;;;Replace;FALSE
TRUE;3.1,3.2,3.2.2.1;Picasso96;FALSE;;;;Web;Full;http://aminet.net/driver/video/Picasso96.lha;Picasso96.lha;TRUE;16287F92CE6DDEA23F5456CEB4525189;Picasso96Install\Devs\Monitors\Picasso96;System;Devs\Monitors\;FALSE;Videocore;TRUE;FALSE;;;FALSE;FALSE
TRUE;3.1,3.2,3.2.2.1;Picasso96;FALSE;;;;Web;Full;http://aminet.net/driver/video/Picasso96.lha;Picasso96.lha;TRUE;16287F92CE6DDEA23F5456CEB4525189;Picasso96Install\Libs\*;System;Libs\;FALSE;;TRUE;FALSE;;;FALSE;FALSE
TRUE;3.1,3.2,3.2.2.1;Picasso96;FALSE;;;;Web;Full;http://aminet.net/driver/video/Picasso96.lha;Picasso96.lha;TRUE;16287F92CE6DDEA23F5456CEB4525189;Picasso96Install\Prefs\Picasso96Mode;System;Prefs\;FALSE;;TRUE;FALSE;;;FALSE;FALSE
TRUE;3.1,3.2,3.2.2.1;Picasso96;FALSE;;;;Web;Full;http://aminet.net/driver/video/Picasso96.lha;Picasso96.lha;TRUE;16287F92CE6DDEA23F5456CEB4525189;Picasso96Install\Prefs\Picasso96Mode.info;System;Prefs\;FALSE;;TRUE;FALSE;;;FALSE;FALSE
TRUE;3.1,3.2,3.2.2.1;Picasso96;FALSE;;;;Web;Full;http://aminet.net/driver/video/Picasso96.lha;Picasso96.lha;TRUE;16287F92CE6DDEA23F5456CEB4525189;Picasso96Install\Prefs\PVS;System;Prefs\;FALSE;;TRUE;FALSE;;;FALSE;FALSE
TRUE;3.1,3.2,3.2.2.1;Picasso96;FALSE;;;;Web;Full;http://aminet.net/driver/video/Picasso96.lha;Picasso96.lha;TRUE;16287F92CE6DDEA23F5456CEB4525189;Picasso96Install\Prefs\PVS.info;System;Prefs\;FALSE;;TRUE;FALSE;;;FALSE;FALSE
TRUE;3.1,3.2,3.2.2.1;Picasso96;FALSE;;;;Web;Full;http://aminet.net/driver/video/Picasso96.lha;Picasso96.lha;TRUE;16287F92CE6DDEA23F5456CEB4525189;Picasso96Install\Prefs\PVS.guide;System;Programs\Picasso96\;FALSE;;TRUE;FALSE;;;FALSE;FALSE
TRUE;3.1,3.2,3.2.2.1;Picasso96;FALSE;;;;Web;Full;http://aminet.net/driver/video/Picasso96.lha;Picasso96.lha;TRUE;16287F92CE6DDEA23F5456CEB4525189;Picasso96Install\Prefs\PVS.guide.info;System;Programs\Picasso96\;FALSE;;TRUE;FALSE;;;FALSE;FALSE
TRUE;3.1,3.2,3.2.2.1;Picasso96;FALSE;;;;Web;Full;http://aminet.net/driver/video/Picasso96.lha;Picasso96.lha;TRUE;16287F92CE6DDEA23F5456CEB4525189;Picasso96Install\Picasso96\*;System;Programs\Picasso96\;FALSE;;TRUE;FALSE;;;FALSE;FALSE
TRUE;3.1,3.2,3.2.2.1;Picasso96;FALSE;;;;Web;Full;http://aminet.net/driver/video/Picasso96.lha;Picasso96.lha;TRUE;16287F92CE6DDEA23F5456CEB4525189;Picasso96Install\Picasso96.info;System;Programs\;FALSE;;TRUE;FALSE;;;FALSE;FALSE
TRUE;3.1,3.2,3.2.2.1;Picasso96Settings;FALSE;;;;Local;CopyOnly;Devs\Picasso96Settings;;FALSE;;;System;Devs\;FALSE;;FALSE;FALSE;;;FALSE;FALSE
FALSE;3.1,3.2,3.2.2.1;Pistorm Folder - Check MD5s;FALSE;;;;Local;CopyOnly;Pistorm\CheckMD5s;;FALSE;;;System;PiStorm\;TRUE;;FALSE;FALSE;;;FALSE;FALSE
FALSE;3.1,3.2,3.2.2.1;Pistorm Folder - Check MD5s;FALSE;;;;Local;CopyOnly;Pistorm\CheckMD5s.info;;FALSE;;;System;PiStorm\;TRUE;;FALSE;FALSE;;;FALSE;FALSE
TRUE;3.1,3.2,3.2.2.1;Pistorm Folder - Emu68 Imager Documentation;FALSE;;;;Local;CopyOnly;Pistorm\Documentation;;FALSE;;;System;PiStorm\;TRUE;;FALSE;FALSE;;;FALSE;FALSE
TRUE;3.1,3.2,3.2.2.1;Pistorm Folder - Emu68 Imager Documentation;FALSE;;;;Local;CopyOnly;Pistorm\Documentation.info;;FALSE;;;System;PiStorm\;TRUE;;FALSE;FALSE;;;FALSE;FALSE
TRUE;3.1,3.2,3.2.2.1;Pistorm Folder - Emu68Info;FALSE;;;;Local;CopyOnly;Pistorm\Emu68Info.r;;FALSE;;;System;PiStorm\;TRUE;;FALSE;FALSE;;;FALSE;FALSE
TRUE;3.1,3.2,3.2.2.1;Pistorm Folder - Emu68Info;FALSE;;;;Local;CopyOnly;Pistorm\Emu68Info.r.info;;FALSE;;;System;PiStorm\;TRUE;;FALSE;FALSE;;;FALSE;FALSE
TRUE;3.1,3.2,3.2.2.1;Pistorm Folder - Emu68Meter;FALSE;;;;Local;CopyOnly;Pistorm\Emu68Meter;;FALSE;;;System;PiStorm\;TRUE;;FALSE;FALSE;;;FALSE;FALSE
TRUE;3.1,3.2,3.2.2.1;Pistorm Folder - Emu68Meter;FALSE;;;;Local;CopyOnly;Pistorm\Emu68Meter.info;;FALSE;;;System;PiStorm\;TRUE;;FALSE;FALSE;;;FALSE;FALSE
TRUE;3.1,3.2,3.2.2.1;Pistorm Folder - Emu68Meter;FALSE;;;;Local;CopyOnly;Pistorm\Emu68Meter.png;;FALSE;;;System;PiStorm\;TRUE;;FALSE;FALSE;;;FALSE;FALSE
TRUE;3.1,3.2,3.2.2.1;Pistorm Folder - Install Packages;FALSE;;;;Local;CopyOnly;Pistorm\Install Packages;;FALSE;;;System;PiStorm\;TRUE;;FALSE;FALSE;;;FALSE;FALSE
TRUE;3.1,3.2,3.2.2.1;Pistorm Folder - Install Packages;FALSE;;;;Local;CopyOnly;Pistorm\Install Packages.info;;FALSE;;;System;PiStorm\;TRUE;;FALSE;FALSE;;;FALSE;FALSE
TRUE;3.1,3.2,3.2.2.1;Pistorm Folder -Online and Offline;FALSE;;;;Local;CopyOnly;Pistorm\Offline;;FALSE;;;System;PiStorm\;TRUE;;FALSE;FALSE;;;FALSE;FALSE
TRUE;3.1,3.2,3.2.2.1;Pistorm Folder -Online and Offline;FALSE;;;;Local;CopyOnly;Pistorm\Offline.info;;FALSE;;;System;PiStorm\;TRUE;;FALSE;FALSE;;;FALSE;FALSE
TRUE;3.1,3.2,3.2.2.1;Pistorm Folder -Online and Offline;FALSE;;;;Local;CopyOnly;Pistorm\Online;;FALSE;;;System;PiStorm\;TRUE;;FALSE;FALSE;;;FALSE;FALSE
TRUE;3.1,3.2,3.2.2.1;Pistorm Folder -Online and Offline;FALSE;;;;Local;CopyOnly;Pistorm\Online.info;;FALSE;;;System;PiStorm\;TRUE;;FALSE;FALSE;;;FALSE;FALSE
TRUE;3.1,3.2,3.2.2.1;Pistorm Folder -SMB Config;FALSE;;;;Local;CopyOnly;Pistorm\SMB Config;;FALSE;;;System;PiStorm\;TRUE;;FALSE;FALSE;;;FALSE;FALSE
TRUE;3.1,3.2,3.2.2.1;Pistorm Folder -SMB Config;FALSE;;;;Local;CopyOnly;Pistorm\SMB Config.info;;FALSE;;;System;PiStorm\;TRUE;;FALSE;FALSE;;;FALSE;FALSE
TRUE;3.1,3.2,3.2.2.1;Pistorm Folder -TransferKick;FALSE;;;;Local;CopyOnly;Pistorm\TransferKick;;FALSE;;;System;PiStorm\;TRUE;;FALSE;FALSE;;;FALSE;FALSE
TRUE;3.1,3.2,3.2.2.1;Pistorm Folder -TransferKick;FALSE;;;;Local;CopyOnly;Pistorm\TransferKick.info;;FALSE;;;System;PiStorm\;TRUE;;FALSE;FALSE;;;FALSE;FALSE
TRUE;3.1,3.2,3.2.2.1;Pistorm Folder -Wifi Config;FALSE;;;;Local;CopyOnly;Pistorm\Wifi Config;;FALSE;;;System;PiStorm\;TRUE;;FALSE;FALSE;;;FALSE;FALSE
TRUE;3.1,3.2,3.2.2.1;Pistorm Folder -Wifi Config;FALSE;;;;Local;CopyOnly;Pistorm\Wifi Config.info;;FALSE;;;System;PiStorm\;TRUE;;FALSE;FALSE;;;FALSE;FALSE
TRUE;3.1,3.2,3.2.2.1;Prism2;FALSE;;;;Web;Full;http://aminet.net/driver/net/prism2v2.lha;Prism2v2.lha;TRUE;C2C6060C016DC4F22902C8809477985A;Prism2v2\C\*;System;C\;FALSE;;FALSE;FALSE;;;FALSE;FALSE
TRUE;3.1;REXXMast;FALSE;;;;Local;StartupSequenceOnly;;;FALSE;;;;;;;;Add;IF EXISTS S:User-Startup;;;
TRUE;3.1,3.2,3.2.2.1;Reboot;FALSE;;;;Web;Full;http://aminet.net/util/boot/reboot.lha;reboot.lha;TRUE;95355F5C845088151874633164A95693;Reboot\Reboot;System;C\;FALSE;;FALSE;FALSE;;;FALSE;FALSE
TRUE;3.1,3.2,3.2.2.1;ReqTools;FALSE;;;;Web;Full;http://aminet.net/util/libs/Reqtools-Wide.lha;ReqtoolsWide.lha;TRUE;7b146009ce6b99623d73a244a89b8c2a;reqtools.library;System;Libs\;FALSE;;FALSE;FALSE;;;FALSE;FALSE
TRUE;3.1,3.2,3.2.2.1;ReqTools Prefs ;FALSE;;;;Local;CopyOnly;Prefs\Env-Archive\ReqTools.prefs;;FALSE;;;System;Prefs\Env-Archive\;FALSE;;FALSE;FALSE;;;FALSE;FALSE
TRUE;3.1,3.2,3.2.2.1;Roadshow;FALSE;;;;Local;Full;Roadshow-Demo-1.15.lha;Roadshow.lha;FALSE;25471647C76D8EAB98F78D24945B3FC6;Roadshow-Demo-*\Workbench\*;System;;FALSE;;FALSE;FALSE;;;FALSE;FALSE
TRUE;3.1,3.2,3.2.2.1;Roadshow;FALSE;;;;Local;Full;Roadshow-Demo-1.15.lha;Roadshow.lha;FALSE;25471647C76D8EAB98F78D24945B3FC6;Roadshow-Demo-*\Documentation\*;System;Programs\Roadshow\;TRUE;;FALSE;FALSE;;;FALSE;FALSE
TRUE;3.1,3.2,3.2.2.1;Roadshow;FALSE;;;;Local;Full;Roadshow-Demo-1.15.lha;Roadshow.lha;FALSE;25471647C76D8EAB98F78D24945B3FC6;Roadshow-Demo-*\Workbench\Storage\NetInterfaces\CNet16.info;System;Devs\NetInterfaces\;FALSE;wifipi.info;FALSE;FALSE;;;FALSE;FALSE
FALSE;3.1,3.2,3.2.2.1;Screentext;FALSE;;;;Web;Full;https://thomas-rapp.hier-im-netz.de/downloads/ScreenText.lha;ScreenText.lha;TRUE;D500457A41A18D73C01DD6B27DCE5A41;Screentext;System;C\;FALSE;;FALSE;FALSE;;;FALSE;FALSE
TRUE;3.1,3.2,3.2.2.1;SD0 Device;FALSE;;;;Local;CopyOnly;Devs\DosDrivers\SD0pi3;;FALSE;;;System;Devs\DosDrivers\;FALSE;;FALSE;FALSE;;;FALSE;TRUE
TRUE;3.1,3.2,3.2.2.1;SD0 Device;FALSE;;;;Local;CopyOnly;Devs\DosDrivers\SD0pi4;;FALSE;;;System;Devs\DosDrivers\;FALSE;;FALSE;FALSE;;;FALSE;TRUE
TRUE;3.1,3.2,3.2.2.1;SD0 Device - info file;FALSE;;;;ADF;Extract;StorageADF;DosDrivers\;FALSE;;DosDrivers\PC0.info;System;Devs\DosDrivers\;FALSE;SD0.info;FALSE;FALSE;;;Replace;FALSE
TRUE;3.1,3.2,3.2.2.1;SearchReplace;FALSE;;;;Web;Full;http://aminet.net/text/misc/SearchReplace.lha;SearchReplace.Lha;TRUE;0FD5B8E936921E2745F0473211D37A36;SearchReplace/SearchReplace;System;C\;FALSE;;FALSE;FALSE;;;FALSE;FALSE
TRUE;3.1,3.2,3.2.2.1;SetDST;FALSE;;;;Web;Full;https://aminet.net/util/time/SetDST.lha;SetDST.lha;TRUE;EF32E16790F81AAF5AB8DDC1A60E372B;SetDST-*\C\*;System;C\;FALSE;;FALSE;FALSE;;;FALSE;FALSE
TRUE;3.1,3.2,3.2.2.1;SetDST;FALSE;;;;Web;Full;https://aminet.net/util/time/SetDST.lha;SetDST.lha;TRUE;EF32E16790F81AAF5AB8DDC1A60E372B;SetDST-*\SetDST;System;C\;FALSE;;FALSE;FALSE;;;FALSE;FALSE
FALSE;3.1,3.2,3.2.2.1;SetDST;FALSE;;;;Web;Full;https://aminet.net/util/time/SetDST.lha;SetDST.lha;TRUE;EF32E16790F81AAF5AB8DDC1A60E372B;SetDST-*\SetDST.info;System;WBStartup\;FALSE;;FALSE;FALSE;;;FALSE;FALSE
TRUE;3.1,3.2,3.2.2.1;SetDST - Dat File;FALSE;;;;Local;CopyOnly;S\DST.Dat;;FALSE;;;System;S\;FALSE;;FALSE;FALSE;;;FALSE;FALSE
TRUE;3.1;Setpatch44.38;FALSE;;;;Web;Full;https://cdn.cloanto.com/pub/amiga/SetPatch-44-38.lha;SetPatch.lha;TRUE;B3FCB573BF33987C33E4C9415E3ED0BB;SetPatch;System;C\;FALSE;;FALSE;FALSE;;;FALSE;FALSE
TRUE;3.1,3.2,3.2.2.1;RTB Files - SKick;FALSE;;;;Web;Full;http://aminet.net/util/boot/skick346.lha;skick346.lha;TRUE;745EBF5A39D42E1B352A1FB914CFAB7A;Kickstarts\*;System;Devs\Kickstarts\;FALSE;;FALSE;FALSE;;;FALSE;FALSE
FALSE;3.1,3.2,3.2.2.1;RTB File - 7 Cities of Gold;FALSE;;;;Web;Full;https://www.whdload.de/games/7CitiesOfGold.lha;7CitiesOfGold.lha;FALSE;;7CitiesOfGoldInstall\kick31034.A1000.RTB;System;Devs\Kickstarts\;FALSE;;FALSE;FALSE;;;FALSE;FALSE
TRUE;3.1,3.2,3.2.2.1;SMB0 Device;FALSE;;;;Local;CopyOnly;Storage\DosDrivers\SMB0;;FALSE;;;System;Storage\DosDrivers\;FALSE;;FALSE;FALSE;;;FALSE;FALSE
TRUE;3.1,3.2,3.2.2.1;SMB0 Device - info file;FALSE;;;;ADF;Extract;StorageADF;DosDrivers\;FALSE;;DosDrivers\PC1.info;System;Storage\DosDrivers\;FALSE;SMB0.info;FALSE;FALSE;;;Replace;FALSE
TRUE;3.1,3.2,3.2.2.1;SMBFS;FALSE;;;;Web;Full;http://aminet.net/disk/misc/smb2fs.m68k-amigaos.lha;smb2fs.m68k-amigaos.lha;TRUE;DD017C3E005950EFD775B97B76D1CEB6;smb2fs\L\smb2-handler.020;System;L\;FALSE;smb2-handler;FALSE;FALSE;;;FALSE;FALSE
TRUE;3.1,3.2,3.2.2.1;SnoopDOS;FALSE;;;;Web;Full;http://aminet.net/util/moni/SnoopDos.lha;Snoopdos.lha;TRUE;2D214246781EB26B9536628BE9A6A0F9;*;System;Programs\SnoopDOS\;TRUE;;FALSE;FALSE;;;FALSE;FALSE
TRUE;3.1,3.2,3.2.2.1;SNTP;FALSE;;;;Web;Full;http://aminet.net/comm/net/sntp.lha;sntp.lha;TRUE;30409A06905519C006C8E88A771E0C32;sntp\sntp;System;C\;FALSE;;FALSE;FALSE;;;FALSE;FALSE
TRUE;3.1,3.2,3.2.2.1;SRename;FALSE;;;;Web;Full;http://aminet.net/util/cli/SRename.lha;SRename.lha;TRUE;CFDE201F18E7D97FC31DEE9442B4F32F;bin/68020/SRename;System;C\;FALSE;;FALSE;FALSE;;;FALSE;FALSE
TRUE;3.1,3.2,3.2.2.1;SysInfo;FALSE;;;;Web;Full;https://download.d0.se/pub/SysInfo.lha;SysInfo.lha;TRUE;8384493A31CF4C2A3F03FE51EF0341F7;SysInfo.info;System;Programs\;FALSE;;FALSE;FALSE;;;FALSE;FALSE
TRUE;3.1,3.2,3.2.2.1;SysInfo;FALSE;;;;Web;Full;https://download.d0.se/pub/SysInfo.lha;SysInfo.lha;TRUE;8384493A31CF4C2A3F03FE51EF0341F7;SysInfo\*;System;Programs\SysInfo\;FALSE;;FALSE;FALSE;;;FALSE;FALSE
TRUE;3.1,3.2,3.2.2.1;TTTool;FALSE;;;;Web;Full;http://aminet.net/util/batch/TTTool.lha;TTTool.lha;TRUE;F99CEB1C9FBEE3D8FB97EA2DE1F6D452;TTTool*\TTTool;System;C\;FALSE;;FALSE;FALSE;;;FALSE;FALSE
TRUE;3.1,3.2,3.2.2.1;TomCopy;FALSE;;;;Local;CopyOnly;C\TomCopy;;FALSE;;;System;C\;FALSE;;FALSE;FALSE;;;FALSE;FALSE
TRUE;3.1,3.2,3.2.2.1;TomDelete;FALSE;;;;Local;CopyOnly;C\TomDelete;;FALSE;;;System;C\;FALSE;;FALSE;FALSE;;;FALSE;FALSE
TRUE;3.1,3.2,3.2.2.1;Unzip;FALSE;;;;Web;Full;http://aminet.net/util/arc/UnZIP552.lha;Unzip552.lha;TRUE;A657AA4A7E323D504FBB0B7443292EE6;UnZip*\Unzip;System;C\;FALSE;;FALSE;FALSE;;;FALSE;FALSE
TRUE;3.1,3.2,3.2.2.1;Videocore;FALSE;;;;Emu68;CopyOnly;Emu68Tools\VideoCore\Videocore.card;;FALSE;;;System;Libs\Picasso96\;FALSE;;FALSE;FALSE;;;FALSE;FALSE
TRUE;3.1,3.2,3.2.2.1;Vinced;FALSE;;;;Web;Full;http://aminet.net/util/shell/ViNCEd.lha;Vinced.lha;TRUE;642380B7AE0859DC227BFF2BCC5FA6A0;ViNCEd\Extras\Fonts\topaz6.font;System;Fonts\;FALSE;;FALSE;FALSE;;;FALSE;FALSE
TRUE;3.1,3.2,3.2.2.1;Vinced;FALSE;;;;Web;Full;http://aminet.net/util/shell/ViNCEd.lha;Vinced.lha;TRUE;642380B7AE0859DC227BFF2BCC5FA6A0;ViNCEd\Extras\Fonts\topaz6\8e;System;Fonts\topaz6\;FALSE;;FALSE;FALSE;;;FALSE;FALSE
TRUE;3.1,3.2,3.2.2.1;WaitUntilConnected;FALSE;;;;Local;CopyOnly;C\WaitUntilConnected;;FALSE;;;System;C\;FALSE;;FALSE;FALSE;;;FALSE;FALSE
TRUE;3.1,3.2,3.2.2.1;WaitforTask;FALSE;;;;Local;CopyOnly;C\WaitforTask;;FALSE;;;System;C\;FALSE;;FALSE;FALSE;;;FALSE;FALSE
TRUE;3.1,3.2,3.2.2.1;WHDLoad;FALSE;;;;Web;Full;https://whdload.de/whdload/WHDLoad_usr.lha;Whdload_usr.lha;FALSE;3E4A8FBEA4BB2C85B3FCC29B013E77E9;WHDLoad\C\WHDLoad;System;C\;FALSE;WHDLoad.ori;FALSE;FALSE;;;FALSE;FALSE
TRUE;3.1,3.2,3.2.2.1;WHDLoad;FALSE;;;;Web;Full;https://whdload.de/whdload/WHDLoad_usr.lha;Whdload_usr.lha;FALSE;3E4A8FBEA4BB2C85B3FCC29B013E77E9;WHDLoad\C\WHDLoadCD32;System;C\;FALSE;;FALSE;FALSE;;;FALSE;FALSE
TRUE;3.1,3.2,3.2.2.1;WHDLoad;FALSE;;;;Web;Full;https://whdload.de/whdload/WHDLoad_usr.lha;Whdload_usr.lha;FALSE;3E4A8FBEA4BB2C85B3FCC29B013E77E9;WHDLoad\C\RawDIC;System;C\;FALSE;;FALSE;FALSE;;;FALSE;FALSE
TRUE;3.1,3.2,3.2.2.1;WHDLoad;FALSE;;;;Web;Full;https://whdload.de/whdload/WHDLoad_usr.lha;Whdload_usr.lha;FALSE;3E4A8FBEA4BB2C85B3FCC29B013E77E9;WHDLoad\C\DIC;System;C\;FALSE;;FALSE;FALSE;;;FALSE;FALSE
TRUE;3.1,3.2,3.2.2.1;WHDLoad;FALSE;;;;Web;Full;https://whdload.de/whdload/WHDLoad_usr.lha;Whdload_usr.lha;FALSE;3E4A8FBEA4BB2C85B3FCC29B013E77E9;WHDLoad\C\Patcher;System;C\;FALSE;;FALSE;FALSE;;;FALSE;FALSE
TRUE;3.1,3.2,3.2.2.1;WHDLoad;FALSE;;;;Web;Full;https://whdload.de/whdload/WHDLoad_usr.lha;Whdload_usr.lha;FALSE;3E4A8FBEA4BB2C85B3FCC29B013E77E9;WHDLoad\S\*;System;S\;FALSE;;FALSE;FALSE;;;FALSE;FALSE
TRUE;3.1,3.2,3.2.2.1;WHDLoadWrapper;TRUE;;;;Web;Full;;WHDLoadWrapper.lha;FALSE;9482600EDA83D5E5046F66C3574D3FBF;WHDLoadWrapper\C\Bplcon3Hack;System;C\;FALSE;;FALSE;FALSE;;;FALSE;FALSE
TRUE;3.1,3.2,3.2.2.1;WHDLoadWrapper;TRUE;;;;Web;Full;;WHDLoadWrapper.lha;FALSE;9482600EDA83D5E5046F66C3574D3FBF;WHDLoadWrapper\C\checkagatest;System;C\;FALSE;;FALSE;FALSE;;;FALSE;FALSE
TRUE;3.1,3.2,3.2.2.1;WHDLoadWrapper;TRUE;;;;Web;Full;;WHDLoadWrapper.lha;FALSE;9482600EDA83D5E5046F66C3574D3FBF;WHDLoadWrapper\C\CopyReplace;System;C\;FALSE;;FALSE;FALSE;;;FALSE;FALSE
TRUE;3.1,3.2,3.2.2.1;WHDLoadWrapper;TRUE;;;;Web;Full;;WHDLoadWrapper.lha;FALSE;9482600EDA83D5E5046F66C3574D3FBF;WHDLoadWrapper\C\Emu68Downclocker;System;C\;FALSE;;FALSE;FALSE;;;FALSE;FALSE
TRUE;3.1,3.2,3.2.2.1;WHDLoadWrapper;TRUE;;;;Web;Full;;WHDLoadWrapper.lha;FALSE;9482600EDA83D5E5046F66C3574D3FBF;WHDLoadWrapper\C\RemakeDisplay;System;C\;FALSE;;FALSE;FALSE;;;FALSE;FALSE
TRUE;3.1,3.2,3.2.2.1;WHDLoadWrapper;TRUE;;;;Web;Full;;WHDLoadWrapper.lha;FALSE;9482600EDA83D5E5046F66C3574D3FBF;WHDLoadWrapper\C\ScreenText;System;C\;FALSE;;FALSE;FALSE;;;FALSE;FALSE
TRUE;3.1,3.2,3.2.2.1;WHDLoadWrapper;TRUE;;;;Web;Full;;WHDLoadWrapper.lha;FALSE;9482600EDA83D5E5046F66C3574D3FBF;WHDLoadWrapper\C\tude;System;C\;FALSE;;FALSE;FALSE;;;FALSE;FALSE
TRUE;3.1,3.2,3.2.2.1;WHDLoadWrapper;TRUE;;;;Web;Full;;WHDLoadWrapper.lha;FALSE;9482600EDA83D5E5046F66C3574D3FBF;WHDLoadWrapper\C\uae-configuration;System;C\;FALSE;;FALSE;FALSE;;;FALSE;FALSE
TRUE;3.1,3.2,3.2.2.1;WHDLoadWrapper;TRUE;;;;Web;Full;;WHDLoadWrapper.lha;FALSE;9482600EDA83D5E5046F66C3574D3FBF;WHDLoadWrapper\C\WHDLoadWrapper;System;C\;FALSE;;FALSE;FALSE;;;FALSE;FALSE
TRUE;3.1,3.2,3.2.2.1;WHDLoadWrapper;TRUE;;;;Web;Full;;WHDLoadWrapper.lha;FALSE;9482600EDA83D5E5046F66C3574D3FBF;WHDLoadWrapper\C\WHDMassUpdate;System;C\;FALSE;;FALSE;FALSE;;;FALSE;FALSE
TRUE;3.1,3.2,3.2.2.1;WHDLoadWrapper;TRUE;;;;Web;Full;;WHDLoadWrapper.lha;FALSE;9482600EDA83D5E5046F66C3574D3FBF;WHDLoadWrapper\C\WHDLoadWrapper;System;C\;FALSE;WHDLoad;FALSE;FALSE;;;FALSE;FALSE
TRUE;3.1,3.2,3.2.2.1;WHDLoadWrapper;TRUE;;;;Web;Full;;WHDLoadWrapper.lha;FALSE;9482600EDA83D5E5046F66C3574D3FBF;WHDLoadWrapper\S\WHDLoad-Wrapper\Updater\*;System;S\WHDLoad-Wrapper\Updater\;FALSE;;FALSE;FALSE;;;FALSE;FALSE
TRUE;3.1,3.2,3.2.2.1;WHDLoadWrapper;TRUE;;;;Web;Full;;WHDLoadWrapper.lha;FALSE;9482600EDA83D5E5046F66C3574D3FBF;WHDLoadWrapper\S\WHDLoad-Wrapper\Execute31;System;S\WHDLoad-Wrapper\;FALSE;;FALSE;FALSE;;;FALSE;FALSE
TRUE;3.1,3.2,3.2.2.1;WHDLoadWrapper;TRUE;;;;Web;Full;;WHDLoadWrapper.lha;FALSE;9482600EDA83D5E5046F66C3574D3FBF;WHDLoadWrapper\S\WHDLoad-Wrapper\StartupScript_Caffeine;System;S\WHDLoad-Wrapper\;FALSE;;FALSE;FALSE;;;FALSE;FALSE
TRUE;3.1,3.2,3.2.2.1;WHDLoadWrapper;TRUE;;;;Web;Full;;WHDLoadWrapper.lha;FALSE;9482600EDA83D5E5046F66C3574D3FBF;WHDLoadWrapper\S\WHDLoad-Wrapper\StartupScript_NoScreenText;System;S\WHDLoad-Wrapper\;FALSE;;FALSE;FALSE;;;FALSE;FALSE
TRUE;3.1,3.2,3.2.2.1;WHDLoadWrapper;TRUE;;;;Web;Full;;WHDLoadWrapper.lha;FALSE;9482600EDA83D5E5046F66C3574D3FBF;WHDLoadWrapper\S\WHDLoad-Wrapper\StartupScript_ScreenText;System;S\WHDLoad-Wrapper\;FALSE;StartupScript;FALSE;FALSE;;;FALSE;FALSE
TRUE;3.1,3.2,3.2.2.1;WHDLoadWrapper;TRUE;;;;Web;Full;;WHDLoadWrapper.lha;FALSE;9482600EDA83D5E5046F66C3574D3FBF;WHDLoadWrapper\S\WHDLoad-Wrapper\UpdateDBs.info;System;S\WHDLoad-Wrapper\;FALSE;;FALSE;FALSE;;;FALSE;FALSE
TRUE;3.1,3.2,3.2.2.1;WHDLoadWrapper;TRUE;;;;Web;Full;;WHDLoadWrapper.lha;FALSE;9482600EDA83D5E5046F66C3574D3FBF;WHDLoadWrapper\DB\*;System;S\WHDLoad-Wrapper\;FALSE;;FALSE;FALSE;;;FALSE;FALSE
TRUE;3.1,3.2,3.2.2.1;WHDLoadWrapper;TRUE;;;;Web;Full;;WHDLoadWrapper.lha;FALSE;9482600EDA83D5E5046F66C3574D3FBF;WHDLoadWrapper\DB-General\*;System;S\WHDLoad-Wrapper\;FALSE;;FALSE;FALSE;;;FALSE;FALSE
TRUE;3.1,3.2,3.2.2.1;WifiPi Config;FALSE;;;;Local;CopyOnly;Devs\NetInterfaces\wifipi;;FALSE;;;System;Devs\NetInterfaces\;FALSE;;FALSE;FALSE;;;FALSE;FALSE
TRUE;3.1,3.2,3.2.2.1;WifiPi.device;FALSE;;;;Emu68;CopyOnly;Emu68Tools\Emu68-Wifi\Devs\*;;FALSE;;;System;Devs\;FALSE;;FALSE;FALSE;;;FALSE;FALSE
TRUE;3.1;Workbench.library;FALSE;;;;Web;Full;https://cdn.cloanto.com/pub/amiga/Workbench-Library-40-5.lha;WorkbenchLibrary.lha;TRUE;401059CD24DFD9C196BDDA7F2293276C;Workbench.library;System;Libs\;FALSE;;FALSE;FALSE;;;FALSE;FALSE
TRUE;3.2,3.2.2.1;Workbench Prefs ;FALSE;;;;Local;CopyOnly;Prefs\Env-Archive\Sys\Workbench.prefs;;FALSE;;;System;Prefs\Env-Archive\Sys\;FALSE;;FALSE;FALSE;;;FALSE;FALSE
TRUE;3.1,3.2,3.2.2.1;XADMaster;FALSE;;;;Web;Full;https://aminet.net/util/arc/xadmaster020.lha;xadmaster020.lha;TRUE;38C003269BECBF309108BF1C86E0C688;xad\c\*;System;C\;FALSE;;FALSE;FALSE;;;FALSE;FALSE
TRUE;3.1,3.2,3.2.2.1;XADMaster;FALSE;;;;Web;Full;https://aminet.net/util/arc/xadmaster020.lha;xadmaster020.lha;TRUE;38C003269BECBF309108BF1C86E0C688;xad\libs\xad\*;System;Libs\xad\;FALSE;;FALSE;FALSE;;;FALSE;FALSE
TRUE;3.1,3.2,3.2.2.1;XADMaster;FALSE;;;;Web;Full;https://aminet.net/util/arc/xadmaster020.lha;xadmaster020.lha;TRUE;38C003269BECBF309108BF1C86E0C688;xad\libs\xadmast*;System;Libs\;FALSE;;FALSE;FALSE;;;FALSE;FALSE
TRUE;3.1,3.2,3.2.2.1;XADMasterKey;FALSE;;;;Web;Full;https://aminet.net/util/arc/xadmaster-key.lha;xadmaster-key.lha;TRUE;DCF85245D75DC1B1F17C4E5AE9163403;xadmaster.key;System;S\;FALSE;;FALSE;FALSE;;;FALSE;FALSE
TRUE;3.1,3.2,3.2.2.1;ZIP;FALSE;;;;Web;Full;http://aminet.net/util/arc/ZIP232.lha;Zip232.lha;TRUE;089E815D495A5A3B374C0E6BF0E80E58;Zip*\Zip;System;C\;FALSE;;FALSE;FALSE;;;FALSE;FALSE